productLink,count,skus
"https://www.shirongpaper.com/product-eco-friendly-cup-logo-custom-flexography-printed-paper-cup-fan-for-hot-coffee-paper-cup-with-sleeves-and-lid","7","KH-FD-CUPFAN-150350-PR-001; KH-FD-CUPFAN-170-PR-073; KH-FD-CUPFAN-180-PE-074; KH-FD-CUPFAN-190-PR-075; KH-FD-CUPFAN-210-PR-076; KH-FD-CUPFAN-230-PE-077; KH-FD-CUPFAN-240-PR-078"
"https://www.shirongpaper.com/product-eco-friendly-cup-logo-custom-flexography-printed-single-wall-pe-coated-paper-cup-fan-for-hot-coffee-paper-cup","7","KH-FD-CUPFAN-150350-PR-002; KH-FD-CUPFAN-280-PR-079; KH-FD-CUPFAN-300-PE-080; KH-FD-CUPFAN-320-PR-081; KH-FD-CUPFAN-350-PR-082; KH-FD-CUPFAN-150-PE-083; KH-FD-CUPFAN-170-PR-084"
"https://www.shirongpaper.com/product-7-oz-shirong-die-cut-flexography-printing-coffee-cups-pe-coated-paper-fan-raw-material-for-paper-cup-printing-machine","7","KH-FD-CUPFAN-150350-PR-003; KH-FD-CUPFAN-320-PR-085; KH-FD-CUPFAN-350-PE-086; KH-FD-CUPFAN-150-PR-087; KH-FD-CUPFAN-170-PR-088; KH-FD-CUPFAN-180-PE-089; KH-FD-CUPFAN-190-PR-090"
"https://www.shirongpaper.com/product-shirong-flexography-printing-black-coffee-tea-beverage-drink-cup-use-210gsm-single-pe-coated-paper-fan-raw-material","7","KH-FD-CUPFAN-210-PR-004; KH-FD-CUPFAN-180-PR-091; KH-FD-CUPFAN-190-PE-092; KH-FD-CUPFAN-210-PR-093; KH-FD-CUPFAN-230-PR-094; KH-FD-CUPFAN-240-PE-095; KH-FD-CUPFAN-250-PR-096"
"https://www.shirongpaper.com/product-biodegradable-flexography-printing-280-gsm-single-wall-pe-coated-paper-cup-fan-raw-material-for-hot-drinks-coffee-cups","7","KH-FD-CUPFAN-280-PR-005; KH-FD-CUPFAN-350-PR-097; KH-FD-CUPFAN-150-PE-098; KH-FD-CUPFAN-170-PR-099; KH-FD-CUPFAN-180-PR-100; KH-FD-CUPFAN-190-PE-101; KH-FD-CUPFAN-210-PR-102"
"https://www.shirongpaper.com/product-coffee-beverage-cup-use-app-recycled-1-pe-210gsm-high-coated-paper-fan-raw-materials","7","KH-FD-CUPFAN-210-PR-006; KH-FD-CUPFAN-250-MC-103; KH-FD-CUPFAN-280-PE-104; KH-FD-CUPFAN-300-MC-105; KH-FD-CUPFAN-320-PR-106; KH-FD-CUPFAN-350-PE-107; KH-FD-CUPFAN-150-PR-108"
"https://www.shirongpaper.com/product-biodegradable-flexo-printed-die-cutting-food-grade-160-350gsm-single-pe-coated-paper-cup-fan","7","KH-FD-CUPFAN-160350-PR-007; KH-FD-CUPFAN-160350-PR-109; KH-FD-CUPFAN-160350-PE-110; KH-FD-CUPFAN-160350-PR-111; KH-FD-CUPFAN-160350-PR-112; KH-FD-CUPFAN-160350-PE-113; KH-FD-CUPFAN-160350-PR-114"
"https://www.shirongpaper.com/product-coffee-tea-cup-making-machine-use-flexography-printing-single-pe-240gsm-pe-coated-paper-fan","7","KH-FD-CUPFAN-240-PR-008; KH-FD-CUPFAN-180-PR-115; KH-FD-CUPFAN-190-PE-116; KH-FD-CUPFAN-210-PR-117; KH-FD-CUPFAN-230-PR-118; KH-FD-CUPFAN-240-PE-119; KH-FD-CUPFAN-250-PR-120"
"https://www.shirongpaper.com/product-bagasse-custom-flexo-printing-hot-drink-8oz-paper-cups-fan-paper-raw-material","7","KH-FD-CUPFAN-150350-PR-009; KH-FD-CUPFAN-240-PR-121; KH-FD-CUPFAN-250-PE-122; KH-FD-CUPFAN-280-PR-123; KH-FD-CUPFAN-300-PR-124; KH-FD-CUPFAN-320-PE-125; KH-FD-CUPFAN-350-PR-126"
"https://www.shirongpaper.com/product-saudi-arabia-welcome-hot-sell-good-grade-pe-coated-wood-pulp-paper-cup-fan","7","KH-FD-CUPFAN-150350-PR-010; KH-FD-CUPFAN-300-PR-127; KH-FD-CUPFAN-320-PE-128; KH-FD-CUPFAN-350-PR-129; KH-FD-CUPFAN-150-PR-130; KH-FD-CUPFAN-170-PE-131; KH-FD-CUPFAN-180-PR-132"
"https://www.shirongpaper.com/product-paper-cup-fan-manufacturers-and-suppliers-raw-material-6oz-pe-coated-paper-cup-paper","7","KH-FD-CUPFAN-150350-PR-011; KH-FD-CUPFAN-170-PR-133; KH-FD-CUPFAN-180-PE-134; KH-FD-CUPFAN-190-PR-135; KH-FD-CUPFAN-210-PR-136; KH-FD-CUPFAN-230-PE-137; KH-FD-CUPFAN-240-PR-138"
"https://www.shirongpaper.com/product-factory-wholesale-cuted-cupstock-fan-blank-raw-materials-for-making-paper-cups","7","KH-FD-CUPFAN-150350-PR-012; KH-FD-CUPFAN-170-PR-139; KH-FD-CUPFAN-180-PE-140; KH-FD-CUPFAN-190-PR-141; KH-FD-CUPFAN-210-PR-142; KH-FD-CUPFAN-230-PE-143; KH-FD-CUPFAN-240-PR-144"
"https://www.shirongpaper.com/product-raw-materials-for-paper-cups-china-high-quality-printed-and-personalized-disposable-for-9oz-paper-cup","7","KH-FD-CUPFAN-150350-PR-013; KH-FD-CUPFAN-240-PR-145; KH-FD-CUPFAN-250-PE-146; KH-FD-CUPFAN-280-PR-147; KH-FD-CUPFAN-300-PR-148; KH-FD-CUPFAN-320-PE-149; KH-FD-CUPFAN-350-PR-150"
"https://www.shirongpaper.com/product-ice-cream-cup-paper-china-factory-high-quality-printed-and-personalized-disposable-for-making-machine-for-paper-cup-logo-printer","7","KH-FD-CUPFAN-150350-PR-014; KH-FD-CUPFAN-190-PR-151; KH-FD-CUPFAN-210-PE-152; KH-FD-CUPFAN-230-PR-153; KH-FD-CUPFAN-240-PR-154; KH-FD-CUPFAN-250-PE-155; KH-FD-CUPFAN-280-PR-156"
"https://www.shirongpaper.com/product-coated-cup-fan-paper-for-china-factory-price-custom-design-for-paper-cup-for-vending-machine","7","KH-FD-CUPFAN-150350-PR-015; KH-FD-CUPFAN-300-PR-157; KH-FD-CUPFAN-320-PE-158; KH-FD-CUPFAN-350-PR-159; KH-FD-CUPFAN-150-PR-160; KH-FD-CUPFAN-170-PE-161; KH-FD-CUPFAN-180-PR-162"
"https://www.shirongpaper.com/product-coated-cup-fan-paper-china-high-quality-printed-and-personalized-disposable-food-grade-for-machine-production-of-paper-cup","7","KH-FD-CUPFAN-150350-PR-016; KH-FD-CUPFAN-300-PR-163; KH-FD-CUPFAN-320-PE-164; KH-FD-CUPFAN-350-PR-165; KH-FD-CUPFAN-150-PR-166; KH-FD-CUPFAN-170-PE-167; KH-FD-CUPFAN-180-PR-168"
"https://www.shirongpaper.com/product-prepared-paper-for-oz6-cups-by-tons-for-china-factory-price-custom-design-for-cone-paper-cup","7","KH-FD-CUPFAN-150350-PR-017; KH-FD-CUPFAN-300-PR-169; KH-FD-CUPFAN-320-PE-170; KH-FD-CUPFAN-350-PR-171; KH-FD-CUPFAN-150-PR-172; KH-FD-CUPFAN-170-PE-173; KH-FD-CUPFAN-180-PR-174"
"https://www.shirongpaper.com/product-paper-cup-fan-raw-material-in-taiwan-for-china-factory-price-custom-design-for-paper-soup-cup","7","KH-FD-CUPFAN-150350-PR-018; KH-FD-CUPFAN-210-PR-175; KH-FD-CUPFAN-230-PE-176; KH-FD-CUPFAN-240-PR-177; KH-FD-CUPFAN-250-PR-178; KH-FD-CUPFAN-280-PE-179; KH-FD-CUPFAN-300-MC-180"
"https://www.shirongpaper.com/product-wholesale-high-quality-waterproof-pe-coated-disposable-raw-material-for-coffee-paper-cup","7","KH-FD-CUPROLL-150350-PR-033; KH-FD-CUPFAN-300-PR-185; KH-FD-CUPFAN-320-PR-186; KH-FD-CUPFAN-350-PR-187; KH-FD-CUPFAN-150-PE-188; KH-FD-CUPFAN-170-MC-189; KH-FD-CUPFAN-180-PR-190"
"https://www.shirongpaper.com/product-pe-coated-paper-for-cups-for-china-factory-price-custom-design-for-glue-for-paper-cup","7","KH-FD-CUPROLL-150350-PR-035; KH-FD-CUPFAN-210-PE-195; KH-FD-CUPFAN-230-MC-196; KH-FD-CUPFAN-240-PE-197; KH-FD-CUPFAN-250-PR-198; KH-FD-CUPFAN-280-PR-199; KH-FD-CUPFAN-300-PE-200"
"https://www.shirongpaper.com/product-coffee-cups-pe-coated-paper-for-china-factory-price-custom-design-for-price-of-paper-cup","7","KH-FD-CUPROLL-150350-PR-036; KH-FD-CUPFAN-170-PE-201; KH-FD-CUPFAN-180-PR-202; KH-FD-CUPFAN-190-PE-203; KH-FD-CUPFAN-210-PR-204; KH-FD-CUPFAN-230-MC-205; KH-FD-CUPFAN-240-PE-206"
"https://www.shirongpaper.com/product-paper-cup-making-paper-for-china-factory-price-custom-design-for-paper-bubble-tea-cups","7","KH-FD-CUPROLL-150350-PR-038; KH-FD-CUPFAN-300-PR-211; KH-FD-CUPFAN-320-PE-212; KH-FD-CUPFAN-350-PR-213; KH-FD-CUPFAN-150-PR-214; KH-FD-CUPFAN-170-PE-215; KH-FD-CUPFAN-180-PR-216"
"https://www.shirongpaper.com/product-raw-materials-for-paper-cups-china-high-quality-printed-and-personalized-disposable-food-grade-for-paper-cup-lid-cover","7","KH-FD-KCUP-150350-PR-048; KH-FD-CUPFAN-350-PR-241; KH-FD-CUPFAN-150-PE-242; KH-FD-CUPFAN-170-PR-243; KH-FD-CUPFAN-180-PR-244; KH-FD-CUPFAN-190-PE-245; KH-FD-CUPFAN-210-PR-246"
"https://www.shirongpaper.com/product-greaseproof-resist-high-temperature-chinese-customized-1200mm-cup-stock-paper-for-paper-cup-die-cutting-machine","7","KH-FD-KCUP-150350-PR-050; KH-FD-CUPFAN-180-PR-251; KH-FD-CUPFAN-190-PR-252; KH-FD-CUPFAN-210-PR-253; KH-FD-CUPFAN-230-PE-254; KH-FD-CUPFAN-240-PR-255; KH-FD-CUPFAN-250-PR-256"
"https://www.shirongpaper.com/product-wenzhou-pe-coated-paper-roll-hot-tea-raw-material-for-paper-cup-custom-width","5","KH-FD-CUPROLL-150350-PR-032; KH-FD-CUPROLL-230-PE-181; KH-FD-CUPROLL-240-PE-182; KH-FD-CUPROLL-250-PR-183; KH-FD-CUPROLL-280-PE-184"
"https://www.shirongpaper.com/product-paper-cup-raw-material-roll-china-high-quality-printed-and-personalized-disposable-for-kraft-paper-cup-soup-bucket-disposable","5","KH-FD-CUPROLL-150350-PR-034; KH-FD-CUPROLL-210-PR-191; KH-FD-CUPROLL-230-PR-192; KH-FD-CUPROLL-240-PE-193; KH-FD-CUPROLL-250-PR-194"
"https://www.shirongpaper.com/product-pe-coated-paper-cup-bottom-roll-for-china-factory-price-custom-design-for-big-size-paper-cups","5","KH-FD-CUPBOT-150350-PR-037; KH-FD-CUPBOT-150-PE-207; KH-FD-CUPBOT-170-PR-208; KH-FD-CUPBOT-180-PE-209; KH-FD-CUPBOT-190-PE-210"
"https://www.shirongpaper.com/product-jumbo-roll-cup-stock-paper-pe-coated-for-paper-cup-for-china-factory-price-custom-design-for-woosung-paper-cup-machine","5","KH-FD-CUPROLL-150350-PR-039; KH-FD-CUPROLL-350-PE-217; KH-FD-CUPROLL-150-PE-218; KH-FD-CUPROLL-170-PR-219; KH-FD-CUPROLL-180-PE-220"
"https://www.shirongpaper.com/product-factory-supply-plain-pe-coated-paper-cup-sheet-raw-material-for-flexography-digital-printing-usage","5","KH-FD-CUPSHEET-150350-PE-043; KH-FD-CUPSHEET-250-PE-221; KH-FD-CUPSHEET-280-PE-222; KH-FD-CUPSHEET-300-PE-223; KH-FD-CUPSHEET-320-PE-224"
"https://www.shirongpaper.com/product-custom-size-single-double-wall-pe-coated-paper-cup-sheets-raw-material-for-flexography-digital-printing-usage","5","KH-FD-CUPSHEET-150350-PR-044; KH-FD-CUPSHEET-320-PR-225; KH-FD-CUPSHEET-350-PR-226; KH-FD-CUPSHEET-150-PR-227; KH-FD-CUPSHEET-170-PR-228"
"https://www.shirongpaper.com/product-custom-size-single-double-wall-pe-coating-coffee-paper-cup-sheets-raw-material-for-flexography-printing","5","KH-FD-CUPSHEET-150350-PR-045; KH-FD-CUPSHEET-280-PE-229; KH-FD-CUPSHEET-300-PE-230; KH-FD-CUPSHEET-320-PE-231; KH-FD-CUPSHEET-350-PE-232"
"https://www.shirongpaper.com/product-custom-size-single-double-wall-pe-coated-coffee-drink-paper-cup-sheet-duplex-board-raw-material-for-flexography-printing","5","KH-FD-CUPSHEET-150350-PR-046; KH-FD-CUPSHEET-230-PR-233; KH-FD-CUPSHEET-240-PR-234; KH-FD-CUPSHEET-250-PR-235; KH-FD-CUPSHEET-280-PR-236"
"https://www.shirongpaper.com/product-kraft-paper-raw-materials-180gsm-pe-coated-brown-kraft-paper-rolls-for-food-paper-cup-bowl","5","KH-FD-CUPROLL-180-PR-047; KH-FD-CUPROLL-190-PR-237; KH-FD-CUPROLL-210-PE-238; KH-FD-CUPROLL-230-PR-239; KH-FD-CUPROLL-240-PR-240"
"https://www.shirongpaper.com/product-8-12-16-oz-customized-logo-eco-friendly-disposable-kraft-paper-for-paper-cup-for-paper-cups-manufacturer-in-uae","5","KH-FD-KCUP-150350-PR-049; KH-FD-KCUP-320-PE-247; KH-FD-KCUP-350-PE-248; KH-FD-CUPROLL-150-PR-249; KH-FD-CUPROLL-170-PE-250"
"https://www.shirongpaper.com/product-shirong-biodegradable-original-single-double-wall-pe-coated-kraft-cup-paper-roll-for-drink-paper-cups","5","KH-FD-CUPROLL-150350-PR-051; KH-FD-CUPROLL-320-PR-257; KH-FD-CUPROLL-350-PR-258; KH-FD-CUPROLL-150-PE-259; KH-FD-CUPROLL-170-PR-260"
"https://www.shirongpaper.com/product-shirong-biodegradable-plain-single-double-wall-pe-coated-base-craft-cup-paper-roll-for-paper-cups","5","KH-FD-CUPROLL-150350-PE-052; KH-FD-CUPROLL-320-PE-261; KH-FD-CUPROLL-350-PE-262; KH-FD-CUPROLL-150-PE-263; KH-FD-CUPROLL-170-PE-264"
"https://www.shirongpaper.com/product-paper-cup-raw-material-bottom-paper-roll-for-cups-and-bowl-making-pe-coated-double-pe-paper-reel","5","KH-FD-CUPBOT-150350-PR-058; KH-FD-CUPBOT-170-PE-265; KH-FD-CUPBOT-180-PE-266; KH-FD-CUPBOT-190-PR-267; KH-FD-CUPBOT-210-PE-268"
"https://www.shirongpaper.com/product-blank-white-bottom-cup-paper-cup-raw-materials-for-disposable-paper-cup","5","KH-FD-CUPBOT-150350-PR-059; KH-FD-CUPBOT-210-MC-269; KH-FD-CUPBOT-230-PR-270; KH-FD-CUPBOT-240-PE-271; KH-FD-CUPBOT-250-PE-272"
"https://www.shirongpaper.com/product-china-manufacture-professional-paper-cup-roll-pe-coated-paper-paper-cup-raw-material","5","KH-FD-CUPBOT-150350-PR-060; KH-FD-CUPROLL-300-PR-273; KH-FD-CUPROLL-320-PR-274; KH-FD-CUPROLL-350-PR-275; KH-FD-CUPROLL-150-PR-276"
