productLink,domain,skuCount
https://www.shirongpaper.com/product-eco-friendly-cup-logo-custom-flexography-printed-paper-cup-fan-for-hot-coffee-paper-cup-with-sleeves-and-lid,www.shirongpaper.com,7
https://www.shirongpaper.com/product-eco-friendly-cup-logo-custom-flexography-printed-single-wall-pe-coated-paper-cup-fan-for-hot-coffee-paper-cup,www.shirongpaper.com,7
https://www.shirongpaper.com/product-7-oz-shirong-die-cut-flexography-printing-coffee-cups-pe-coated-paper-fan-raw-material-for-paper-cup-printing-machine,www.shirongpaper.com,7
https://www.shirongpaper.com/product-shirong-flexography-printing-black-coffee-tea-beverage-drink-cup-use-210gsm-single-pe-coated-paper-fan-raw-material,www.shirongpaper.com,7
https://www.shirongpaper.com/product-biodegradable-flexography-printing-280-gsm-single-wall-pe-coated-paper-cup-fan-raw-material-for-hot-drinks-coffee-cups,www.shirongpaper.com,7
https://www.shirongpaper.com/product-coffee-beverage-cup-use-app-recycled-1-pe-210gsm-high-coated-paper-fan-raw-materials,www.shirongpaper.com,7
https://www.shirongpaper.com/product-biodegradable-flexo-printed-die-cutting-food-grade-160-350gsm-single-pe-coated-paper-cup-fan,www.shirongpaper.com,7
https://www.shirongpaper.com/product-coffee-tea-cup-making-machine-use-flexography-printing-single-pe-240gsm-pe-coated-paper-fan,www.shirongpaper.com,7
https://www.shirongpaper.com/product-bagasse-custom-flexo-printing-hot-drink-8oz-paper-cups-fan-paper-raw-material,www.shirongpaper.com,7
https://www.shirongpaper.com/product-saudi-arabia-welcome-hot-sell-good-grade-pe-coated-wood-pulp-paper-cup-fan,www.shirongpaper.com,7
https://www.shirongpaper.com/product-paper-cup-fan-manufacturers-and-suppliers-raw-material-6oz-pe-coated-paper-cup-paper,www.shirongpaper.com,7
https://www.shirongpaper.com/product-factory-wholesale-cuted-cupstock-fan-blank-raw-materials-for-making-paper-cups,www.shirongpaper.com,7
https://www.shirongpaper.com/product-raw-materials-for-paper-cups-china-high-quality-printed-and-personalized-disposable-for-9oz-paper-cup,www.shirongpaper.com,7
https://www.shirongpaper.com/product-ice-cream-cup-paper-china-factory-high-quality-printed-and-personalized-disposable-for-making-machine-for-paper-cup-logo-printer,www.shirongpaper.com,7
https://www.shirongpaper.com/product-coated-cup-fan-paper-for-china-factory-price-custom-design-for-paper-cup-for-vending-machine,www.shirongpaper.com,7
https://www.shirongpaper.com/product-coated-cup-fan-paper-china-high-quality-printed-and-personalized-disposable-food-grade-for-machine-production-of-paper-cup,www.shirongpaper.com,7
https://www.shirongpaper.com/product-prepared-paper-for-oz6-cups-by-tons-for-china-factory-price-custom-design-for-cone-paper-cup,www.shirongpaper.com,7
https://www.shirongpaper.com/product-paper-cup-fan-raw-material-in-taiwan-for-china-factory-price-custom-design-for-paper-soup-cup,www.shirongpaper.com,7
https://www.shirongpaper.com/product-wholesale-high-quality-waterproof-pe-coated-disposable-raw-material-for-coffee-paper-cup,www.shirongpaper.com,7
https://www.shirongpaper.com/product-pe-coated-paper-for-cups-for-china-factory-price-custom-design-for-glue-for-paper-cup,www.shirongpaper.com,7
https://www.shirongpaper.com/product-coffee-cups-pe-coated-paper-for-china-factory-price-custom-design-for-price-of-paper-cup,www.shirongpaper.com,7
https://www.shirongpaper.com/product-paper-cup-making-paper-for-china-factory-price-custom-design-for-paper-bubble-tea-cups,www.shirongpaper.com,7
https://www.shirongpaper.com/product-raw-materials-for-paper-cups-china-high-quality-printed-and-personalized-disposable-food-grade-for-paper-cup-lid-cover,www.shirongpaper.com,7
https://www.shirongpaper.com/product-greaseproof-resist-high-temperature-chinese-customized-1200mm-cup-stock-paper-for-paper-cup-die-cutting-machine,www.shirongpaper.com,7
https://www.shirongpaper.com/product-wenzhou-pe-coated-paper-roll-hot-tea-raw-material-for-paper-cup-custom-width,www.shirongpaper.com,5
https://www.shirongpaper.com/product-paper-cup-raw-material-roll-china-high-quality-printed-and-personalized-disposable-for-kraft-paper-cup-soup-bucket-disposable,www.shirongpaper.com,5
https://www.shirongpaper.com/product-pe-coated-paper-cup-bottom-roll-for-china-factory-price-custom-design-for-big-size-paper-cups,www.shirongpaper.com,5
https://www.shirongpaper.com/product-jumbo-roll-cup-stock-paper-pe-coated-for-paper-cup-for-china-factory-price-custom-design-for-woosung-paper-cup-machine,www.shirongpaper.com,5
https://www.shirongpaper.com/product-factory-supply-plain-pe-coated-paper-cup-sheet-raw-material-for-flexography-digital-printing-usage,www.shirongpaper.com,5
https://www.shirongpaper.com/product-custom-size-single-double-wall-pe-coated-paper-cup-sheets-raw-material-for-flexography-digital-printing-usage,www.shirongpaper.com,5
https://www.shirongpaper.com/product-custom-size-single-double-wall-pe-coating-coffee-paper-cup-sheets-raw-material-for-flexography-printing,www.shirongpaper.com,5
https://www.shirongpaper.com/product-custom-size-single-double-wall-pe-coated-coffee-drink-paper-cup-sheet-duplex-board-raw-material-for-flexography-printing,www.shirongpaper.com,5
https://www.shirongpaper.com/product-kraft-paper-raw-materials-180gsm-pe-coated-brown-kraft-paper-rolls-for-food-paper-cup-bowl,www.shirongpaper.com,5
https://www.shirongpaper.com/product-8-12-16-oz-customized-logo-eco-friendly-disposable-kraft-paper-for-paper-cup-for-paper-cups-manufacturer-in-uae,www.shirongpaper.com,5
https://www.shirongpaper.com/product-shirong-biodegradable-original-single-double-wall-pe-coated-kraft-cup-paper-roll-for-drink-paper-cups,www.shirongpaper.com,5
https://www.shirongpaper.com/product-shirong-biodegradable-plain-single-double-wall-pe-coated-base-craft-cup-paper-roll-for-paper-cups,www.shirongpaper.com,5
https://www.shirongpaper.com/product-paper-cup-raw-material-bottom-paper-roll-for-cups-and-bowl-making-pe-coated-double-pe-paper-reel,www.shirongpaper.com,5
https://www.shirongpaper.com/product-blank-white-bottom-cup-paper-cup-raw-materials-for-disposable-paper-cup,www.shirongpaper.com,5
https://www.shirongpaper.com/product-china-manufacture-professional-paper-cup-roll-pe-coated-paper-paper-cup-raw-material,www.shirongpaper.com,5
